,antecedents,consequents,antecedent support,consequent support,support,confidence,lift
0,frozenset({'DOGE'}),frozenset({'ADA'}),0.16666666666666666,0.3333333333333333,0.08333333333333333,0.5,1.5
1,frozenset({'ADA'}),frozenset({'DOGE'}),0.3333333333333333,0.16666666666666666,0.08333333333333333,0.25,1.5
2,frozenset({'LTC'}),frozenset({'ADA'}),0.16666666666666666,0.3333333333333333,0.08333333333333333,0.5,1.5
3,frozenset({'ADA'}),frozenset({'LTC'}),0.3333333333333333,0.16666666666666666,0.08333333333333333,0.25,1.5
4,frozenset({'TRX'}),frozenset({'ADA'}),0.20833333333333334,0.3333333333333333,0.125,0.6,1.8
5,frozenset({'ADA'}),frozenset({'TRX'}),0.3333333333333333,0.20833333333333334,0.125,0.375,1.7999999999999998
6,frozenset({'BAKE'}),frozenset({'AVAX'}),0.125,0.4166666666666667,0.08333333333333333,0.6666666666666666,1.5999999999999999
7,frozenset({'AVAX'}),frozenset({'BAKE'}),0.4166666666666667,0.125,0.08333333333333333,0.19999999999999998,1.5999999999999999
8,frozenset({'AVAX'}),frozenset({'BNB'}),0.4166666666666667,0.16666666666666666,0.125,0.3,1.8
9,frozenset({'BNB'}),frozenset({'AVAX'}),0.16666666666666666,0.4166666666666667,0.125,0.75,1.7999999999999998
10,frozenset({'AVAX'}),frozenset({'FLM'}),0.4166666666666667,0.16666666666666666,0.125,0.3,1.8
11,frozenset({'FLM'}),frozenset({'AVAX'}),0.16666666666666666,0.4166666666666667,0.125,0.75,1.7999999999999998
12,frozenset({'AVAX'}),frozenset({'META'}),0.4166666666666667,0.125,0.08333333333333333,0.19999999999999998,1.5999999999999999
13,frozenset({'META'}),frozenset({'AVAX'}),0.125,0.4166666666666667,0.08333333333333333,0.6666666666666666,1.5999999999999999
14,frozenset({'AVAX'}),frozenset({'WRX'}),0.4166666666666667,0.625,0.375,0.8999999999999999,1.44
15,frozenset({'WRX'}),frozenset({'AVAX'}),0.625,0.4166666666666667,0.375,0.6,1.44
16,frozenset({'AXS'}),frozenset({'ETH'}),0.2916666666666667,0.2916666666666667,0.125,0.42857142857142855,1.4693877551020407
17,frozenset({'ETH'}),frozenset({'AXS'}),0.2916666666666667,0.2916666666666667,0.125,0.42857142857142855,1.4693877551020407
18,frozenset({'AXS'}),frozenset({'VTHO'}),0.2916666666666667,0.08333333333333333,0.08333333333333333,0.2857142857142857,3.4285714285714284
19,frozenset({'VTHO'}),frozenset({'AXS'}),0.08333333333333333,0.2916666666666667,0.08333333333333333,1.0,3.4285714285714284
20,frozenset({'AXS'}),frozenset({'XRP'}),0.2916666666666667,0.375,0.16666666666666666,0.5714285714285714,1.5238095238095237
21,frozenset({'XRP'}),frozenset({'AXS'}),0.375,0.2916666666666667,0.16666666666666666,0.4444444444444444,1.5238095238095237
22,frozenset({'AXS'}),frozenset({'XVG'}),0.2916666666666667,0.125,0.08333333333333333,0.2857142857142857,2.2857142857142856
23,frozenset({'XVG'}),frozenset({'AXS'}),0.125,0.2916666666666667,0.08333333333333333,0.6666666666666666,2.2857142857142856
24,frozenset({'BAKE'}),frozenset({'WRX'}),0.125,0.625,0.125,1.0,1.6
25,frozenset({'WRX'}),frozenset({'BAKE'}),0.625,0.125,0.125,0.2,1.6
26,frozenset({'BAKE'}),frozenset({'XRP'}),0.125,0.375,0.08333333333333333,0.6666666666666666,1.7777777777777777
27,frozenset({'XRP'}),frozenset({'BAKE'}),0.375,0.125,0.08333333333333333,0.2222222222222222,1.7777777777777777
28,frozenset({'BNB'}),frozenset({'CAKE'}),0.16666666666666666,0.25,0.08333333333333333,0.5,2.0
29,frozenset({'CAKE'}),frozenset({'BNB'}),0.25,0.16666666666666666,0.08333333333333333,0.3333333333333333,2.0
30,frozenset({'BNB'}),frozenset({'FLM'}),0.16666666666666666,0.16666666666666666,0.08333333333333333,0.5,3.0
31,frozenset({'FLM'}),frozenset({'BNB'}),0.16666666666666666,0.16666666666666666,0.08333333333333333,0.5,3.0
32,frozenset({'SOL'}),frozenset({'BNB'}),0.16666666666666666,0.16666666666666666,0.08333333333333333,0.5,3.0
33,frozenset({'BNB'}),frozenset({'SOL'}),0.16666666666666666,0.16666666666666666,0.08333333333333333,0.5,3.0
34,frozenset({'BNB'}),frozenset({'XEM'}),0.16666666666666666,0.16666666666666666,0.08333333333333333,0.5,3.0
35,frozenset({'XEM'}),frozenset({'BNB'}),0.16666666666666666,0.16666666666666666,0.08333333333333333,0.5,3.0
36,frozenset({'BTC'}),frozenset({'DOGE'}),0.2916666666666667,0.16666666666666666,0.125,0.42857142857142855,2.5714285714285716
37,frozenset({'DOGE'}),frozenset({'BTC'}),0.16666666666666666,0.2916666666666667,0.125,0.75,2.571428571428571
38,frozenset({'BTC'}),frozenset({'LTC'}),0.2916666666666667,0.16666666666666666,0.08333333333333333,0.2857142857142857,1.7142857142857142
39,frozenset({'LTC'}),frozenset({'BTC'}),0.16666666666666666,0.2916666666666667,0.08333333333333333,0.5,1.7142857142857142
40,frozenset({'BTC'}),frozenset({'XRP'}),0.2916666666666667,0.375,0.16666666666666666,0.5714285714285714,1.5238095238095237
41,frozenset({'XRP'}),frozenset({'BTC'}),0.375,0.2916666666666667,0.16666666666666666,0.4444444444444444,1.5238095238095237
42,frozenset({'LTC'}),frozenset({'CAKE'}),0.16666666666666666,0.25,0.08333333333333333,0.5,2.0
43,frozenset({'CAKE'}),frozenset({'LTC'}),0.25,0.16666666666666666,0.08333333333333333,0.3333333333333333,2.0
44,frozenset({'CAKE'}),frozenset({'SHIB'}),0.25,0.20833333333333334,0.125,0.5,2.4
45,frozenset({'SHIB'}),frozenset({'CAKE'}),0.20833333333333334,0.25,0.125,0.6,2.4
46,frozenset({'CAKE'}),frozenset({'XEM'}),0.25,0.16666666666666666,0.08333333333333333,0.3333333333333333,2.0
47,frozenset({'XEM'}),frozenset({'CAKE'}),0.16666666666666666,0.25,0.08333333333333333,0.5,2.0
48,frozenset({'HIGH'}),frozenset({'COTI'}),0.125,0.3333333333333333,0.125,1.0,3.0
49,frozenset({'COTI'}),frozenset({'HIGH'}),0.3333333333333333,0.125,0.125,0.375,3.0
50,frozenset({'COTI'}),frozenset({'LINK'}),0.3333333333333333,0.08333333333333333,0.08333333333333333,0.25,3.0
51,frozenset({'LINK'}),frozenset({'COTI'}),0.08333333333333333,0.3333333333333333,0.08333333333333333,1.0,3.0
52,frozenset({'LTC'}),frozenset({'COTI'}),0.16666666666666666,0.3333333333333333,0.125,0.75,2.25
53,frozenset({'COTI'}),frozenset({'LTC'}),0.3333333333333333,0.16666666666666666,0.125,0.375,2.25
54,frozenset({'VET'}),frozenset({'DOGE'}),0.08333333333333333,0.16666666666666666,0.08333333333333333,1.0,6.0
55,frozenset({'DOGE'}),frozenset({'VET'}),0.16666666666666666,0.08333333333333333,0.08333333333333333,0.5,6.0
56,frozenset({'DOT'}),frozenset({'ENJ'}),0.20833333333333334,0.25,0.08333333333333333,0.39999999999999997,1.5999999999999999
57,frozenset({'ENJ'}),frozenset({'DOT'}),0.25,0.20833333333333334,0.08333333333333333,0.3333333333333333,1.5999999999999999
58,frozenset({'ETH'}),frozenset({'DOT'}),0.2916666666666667,0.20833333333333334,0.125,0.42857142857142855,2.057142857142857
59,frozenset({'DOT'}),frozenset({'ETH'}),0.20833333333333334,0.2916666666666667,0.125,0.6,2.057142857142857
60,frozenset({'DOT'}),frozenset({'SHIB'}),0.20833333333333334,0.20833333333333334,0.08333333333333333,0.39999999999999997,1.9199999999999997
61,frozenset({'SHIB'}),frozenset({'DOT'}),0.20833333333333334,0.20833333333333334,0.08333333333333333,0.39999999999999997,1.9199999999999997
62,frozenset({'TRX'}),frozenset({'DOT'}),0.20833333333333334,0.20833333333333334,0.08333333333333333,0.39999999999999997,1.9199999999999997
63,frozenset({'DOT'}),frozenset({'TRX'}),0.20833333333333334,0.20833333333333334,0.08333333333333333,0.39999999999999997,1.9199999999999997
64,frozenset({'ETH'}),frozenset({'ENJ'}),0.2916666666666667,0.25,0.125,0.42857142857142855,1.7142857142857142
65,frozenset({'ENJ'}),frozenset({'ETH'}),0.25,0.2916666666666667,0.125,0.5,1.7142857142857142
66,frozenset({'FLM'}),frozenset({'ENJ'}),0.16666666666666666,0.25,0.08333333333333333,0.5,2.0
67,frozenset({'ENJ'}),frozenset({'FLM'}),0.25,0.16666666666666666,0.08333333333333333,0.3333333333333333,2.0
68,frozenset({'SHIB'}),frozenset({'ENJ'}),0.20833333333333334,0.25,0.08333333333333333,0.39999999999999997,1.5999999999999999
69,frozenset({'ENJ'}),frozenset({'SHIB'}),0.25,0.20833333333333334,0.08333333333333333,0.3333333333333333,1.5999999999999999
70,frozenset({'TRX'}),frozenset({'ENJ'}),0.20833333333333334,0.25,0.08333333333333333,0.39999999999999997,1.5999999999999999
71,frozenset({'ENJ'}),frozenset({'TRX'}),0.25,0.20833333333333334,0.08333333333333333,0.3333333333333333,1.5999999999999999
72,frozenset({'TRX'}),frozenset({'META'}),0.20833333333333334,0.125,0.08333333333333333,0.39999999999999997,3.1999999999999997
73,frozenset({'META'}),frozenset({'TRX'}),0.125,0.20833333333333334,0.08333333333333333,0.6666666666666666,3.1999999999999997
74,frozenset({'VET'}),frozenset({'SAND'}),0.08333333333333333,0.375,0.08333333333333333,1.0,2.6666666666666665
75,frozenset({'SAND'}),frozenset({'VET'}),0.375,0.08333333333333333,0.08333333333333333,0.2222222222222222,2.6666666666666665
76,frozenset({'XEM'}),frozenset({'SAND'}),0.16666666666666666,0.375,0.125,0.75,2.0
77,frozenset({'SAND'}),frozenset({'XEM'}),0.375,0.16666666666666666,0.125,0.3333333333333333,2.0
78,frozenset({'SAND'}),frozenset({'XVG'}),0.375,0.125,0.08333333333333333,0.2222222222222222,1.7777777777777777
79,frozenset({'XVG'}),frozenset({'SAND'}),0.125,0.375,0.08333333333333333,0.6666666666666666,1.7777777777777777
80,frozenset({'SOL'}),frozenset({'XVG'}),0.16666666666666666,0.125,0.08333333333333333,0.5,4.0
81,frozenset({'XVG'}),frozenset({'SOL'}),0.125,0.16666666666666666,0.08333333333333333,0.6666666666666666,4.0
82,frozenset({'USDT'}),frozenset({'WRX'}),0.08333333333333333,0.625,0.08333333333333333,1.0,1.6
83,frozenset({'WRX'}),frozenset({'USDT'}),0.625,0.08333333333333333,0.08333333333333333,0.13333333333333333,1.6
84,"frozenset({'AVAX', 'ADA'})",frozenset({'WRX'}),0.08333333333333333,0.625,0.08333333333333333,1.0,1.6
85,frozenset({'WRX'}),"frozenset({'AVAX', 'ADA'})",0.625,0.08333333333333333,0.08333333333333333,0.13333333333333333,1.6
86,"frozenset({'AXS', 'ADA'})",frozenset({'WRX'}),0.08333333333333333,0.625,0.08333333333333333,1.0,1.6
87,"frozenset({'AXS', 'WRX'})",frozenset({'ADA'}),0.16666666666666666,0.3333333333333333,0.08333333333333333,0.5,1.5
88,frozenset({'ADA'}),"frozenset({'AXS', 'WRX'})",0.3333333333333333,0.16666666666666666,0.08333333333333333,0.25,1.5
89,frozenset({'WRX'}),"frozenset({'AXS', 'ADA'})",0.625,0.08333333333333333,0.08333333333333333,0.13333333333333333,1.6
90,"frozenset({'BTC', 'COTI'})",frozenset({'ADA'}),0.125,0.3333333333333333,0.08333333333333333,0.6666666666666666,2.0
91,"frozenset({'BTC', 'ADA'})",frozenset({'COTI'}),0.125,0.3333333333333333,0.08333333333333333,0.6666666666666666,2.0
92,"frozenset({'ADA', 'COTI'})",frozenset({'BTC'}),0.08333333333333333,0.2916666666666667,0.08333333333333333,1.0,3.4285714285714284
93,frozenset({'BTC'}),"frozenset({'ADA', 'COTI'})",0.2916666666666667,0.08333333333333333,0.08333333333333333,0.2857142857142857,3.4285714285714284
94,frozenset({'COTI'}),"frozenset({'BTC', 'ADA'})",0.3333333333333333,0.125,0.08333333333333333,0.25,2.0
95,frozenset({'ADA'}),"frozenset({'BTC', 'COTI'})",0.3333333333333333,0.125,0.08333333333333333,0.25,2.0
96,"frozenset({'BTC', 'DOGE'})",frozenset({'ADA'}),0.125,0.3333333333333333,0.08333333333333333,0.6666666666666666,2.0
97,"frozenset({'BTC', 'ADA'})",frozenset({'DOGE'}),0.125,0.16666666666666666,0.08333333333333333,0.6666666666666666,4.0
98,"frozenset({'DOGE', 'ADA'})",frozenset({'BTC'}),0.08333333333333333,0.2916666666666667,0.08333333333333333,1.0,3.4285714285714284
99,frozenset({'BTC'}),"frozenset({'DOGE', 'ADA'})",0.2916666666666667,0.08333333333333333,0.08333333333333333,0.2857142857142857,3.4285714285714284
100,frozenset({'DOGE'}),"frozenset({'BTC', 'ADA'})",0.16666666666666666,0.125,0.08333333333333333,0.5,4.0
101,frozenset({'ADA'}),"frozenset({'BTC', 'DOGE'})",0.3333333333333333,0.125,0.08333333333333333,0.25,2.0
102,"frozenset({'BTC', 'LTC'})",frozenset({'ADA'}),0.08333333333333333,0.3333333333333333,0.08333333333333333,1.0,3.0
103,"frozenset({'BTC', 'ADA'})",frozenset({'LTC'}),0.125,0.16666666666666666,0.08333333333333333,0.6666666666666666,4.0
104,"frozenset({'LTC', 'ADA'})",frozenset({'BTC'}),0.08333333333333333,0.2916666666666667,0.08333333333333333,1.0,3.4285714285714284
105,frozenset({'BTC'}),"frozenset({'LTC', 'ADA'})",0.2916666666666667,0.08333333333333333,0.08333333333333333,0.2857142857142857,3.4285714285714284
106,frozenset({'LTC'}),"frozenset({'BTC', 'ADA'})",0.16666666666666666,0.125,0.08333333333333333,0.5,4.0
107,frozenset({'ADA'}),"frozenset({'BTC', 'LTC'})",0.3333333333333333,0.08333333333333333,0.08333333333333333,0.25,3.0
108,"frozenset({'ETH', 'ADA'})",frozenset({'CAKE'}),0.125,0.25,0.08333333333333333,0.6666666666666666,2.6666666666666665
109,"frozenset({'ETH', 'CAKE'})",frozenset({'ADA'}),0.08333333333333333,0.3333333333333333,0.08333333333333333,1.0,3.0
110,"frozenset({'ADA', 'CAKE'})",frozenset({'ETH'}),0.08333333333333333,0.2916666666666667,0.08333333333333333,1.0,3.4285714285714284
111,frozenset({'ETH'}),"frozenset({'ADA', 'CAKE'})",0.2916666666666667,0.08333333333333333,0.08333333333333333,0.2857142857142857,3.4285714285714284
112,frozenset({'ADA'}),"frozenset({'ETH', 'CAKE'})",0.3333333333333333,0.08333333333333333,0.08333333333333333,0.25,3.0
113,frozenset({'CAKE'}),"frozenset({'ETH', 'ADA'})",0.25,0.125,0.08333333333333333,0.3333333333333333,2.6666666666666665
114,"frozenset({'ETH', 'ADA'})",frozenset({'SHIB'}),0.125,0.20833333333333334,0.08333333333333333,0.6666666666666666,3.1999999999999997
115,"frozenset({'ETH', 'SHIB'})",frozenset({'ADA'}),0.08333333333333333,0.3333333333333333,0.08333333333333333,1.0,3.0
116,"frozenset({'ADA', 'SHIB'})",frozenset({'ETH'}),0.08333333333333333,0.2916666666666667,0.08333333333333333,1.0,3.4285714285714284
117,frozenset({'ETH'}),"frozenset({'ADA', 'SHIB'})",0.2916666666666667,0.08333333333333333,0.08333333333333333,0.2857142857142857,3.4285714285714284
118,frozenset({'ADA'}),"frozenset({'ETH', 'SHIB'})",0.3333333333333333,0.08333333333333333,0.08333333333333333,0.25,3.0
119,frozenset({'SHIB'}),"frozenset({'ETH', 'ADA'})",0.20833333333333334,0.125,0.08333333333333333,0.39999999999999997,3.1999999999999997
120,"frozenset({'TRX', 'WRX'})",frozenset({'ADA'}),0.125,0.3333333333333333,0.08333333333333333,0.6666666666666666,2.0
121,"frozenset({'ADA', 'WRX'})",frozenset({'TRX'}),0.20833333333333334,0.20833333333333334,0.08333333333333333,0.39999999999999997,1.9199999999999997
122,frozenset({'TRX'}),"frozenset({'ADA', 'WRX'})",0.20833333333333334,0.20833333333333334,0.08333333333333333,0.39999999999999997,1.9199999999999997
123,frozenset({'ADA'}),"frozenset({'TRX', 'WRX'})",0.3333333333333333,0.125,0.08333333333333333,0.25,2.0
124,"frozenset({'ADA', 'XRP'})",frozenset({'WRX'}),0.125,0.625,0.125,1.0,1.6
125,"frozenset({'XRP', 'WRX'})",frozenset({'ADA'}),0.25,0.3333333333333333,0.125,0.5,1.5
126,"frozenset({'ADA', 'WRX'})",frozenset({'XRP'}),0.20833333333333334,0.375,0.125,0.6,1.5999999999999999
127,frozenset({'XRP'}),"frozenset({'ADA', 'WRX'})",0.375,0.20833333333333334,0.125,0.3333333333333333,1.5999999999999999
128,frozenset({'ADA'}),"frozenset({'XRP', 'WRX'})",0.3333333333333333,0.25,0.125,0.375,1.5
129,frozenset({'WRX'}),"frozenset({'ADA', 'XRP'})",0.625,0.125,0.125,0.2,1.6
130,"frozenset({'AVAX', 'AXS'})",frozenset({'SAND'}),0.08333333333333333,0.375,0.08333333333333333,1.0,2.6666666666666665
131,"frozenset({'AXS', 'SAND'})",frozenset({'AVAX'}),0.125,0.4166666666666667,0.08333333333333333,0.6666666666666666,1.5999999999999999
132,frozenset({'AVAX'}),"frozenset({'AXS', 'SAND'})",0.4166666666666667,0.125,0.08333333333333333,0.19999999999999998,1.5999999999999999
133,frozenset({'SAND'}),"frozenset({'AVAX', 'AXS'})",0.375,0.08333333333333333,0.08333333333333333,0.2222222222222222,2.6666666666666665
134,"frozenset({'BAKE', 'AVAX'})",frozenset({'WRX'}),0.08333333333333333,0.625,0.08333333333333333,1.0,1.6
135,"frozenset({'BAKE', 'WRX'})",frozenset({'AVAX'}),0.125,0.4166666666666667,0.08333333333333333,0.6666666666666666,1.5999999999999999
136,"frozenset({'AVAX', 'WRX'})",frozenset({'BAKE'}),0.375,0.125,0.08333333333333333,0.2222222222222222,1.7777777777777777
137,frozenset({'BAKE'}),"frozenset({'AVAX', 'WRX'})",0.125,0.375,0.08333333333333333,0.6666666666666666,1.7777777777777777
138,frozenset({'AVAX'}),"frozenset({'BAKE', 'WRX'})",0.4166666666666667,0.125,0.08333333333333333,0.19999999999999998,1.5999999999999999
139,frozenset({'WRX'}),"frozenset({'BAKE', 'AVAX'})",0.625,0.08333333333333333,0.08333333333333333,0.13333333333333333,1.6
140,"frozenset({'AVAX', 'BNB'})",frozenset({'FLM'}),0.125,0.16666666666666666,0.08333333333333333,0.6666666666666666,4.0
141,"frozenset({'AVAX', 'FLM'})",frozenset({'BNB'}),0.125,0.16666666666666666,0.08333333333333333,0.6666666666666666,4.0
142,"frozenset({'BNB', 'FLM'})",frozenset({'AVAX'}),0.08333333333333333,0.4166666666666667,0.08333333333333333,1.0,2.4
143,frozenset({'AVAX'}),"frozenset({'BNB', 'FLM'})",0.4166666666666667,0.08333333333333333,0.08333333333333333,0.19999999999999998,2.4
144,frozenset({'BNB'}),"frozenset({'AVAX', 'FLM'})",0.16666666666666666,0.125,0.08333333333333333,0.5,4.0
145,frozenset({'FLM'}),"frozenset({'AVAX', 'BNB'})",0.16666666666666666,0.125,0.08333333333333333,0.5,4.0
146,"frozenset({'AVAX', 'BNB'})",frozenset({'WRX'}),0.125,0.625,0.125,1.0,1.6
147,"frozenset({'AVAX', 'WRX'})",frozenset({'BNB'}),0.375,0.16666666666666666,0.125,0.3333333333333333,2.0
148,"frozenset({'BNB', 'WRX'})",frozenset({'AVAX'}),0.125,0.4166666666666667,0.125,1.0,2.4
149,frozenset({'AVAX'}),"frozenset({'BNB', 'WRX'})",0.4166666666666667,0.125,0.125,0.3,2.4
150,frozenset({'BNB'}),"frozenset({'AVAX', 'WRX'})",0.16666666666666666,0.375,0.125,0.75,2.0
151,frozenset({'WRX'}),"frozenset({'AVAX', 'BNB'})",0.625,0.125,0.125,0.2,1.6
152,"frozenset({'AVAX', 'CAKE'})",frozenset({'SAND'}),0.08333333333333333,0.375,0.08333333333333333,1.0,2.6666666666666665
153,"frozenset({'AVAX', 'SAND'})",frozenset({'CAKE'}),0.20833333333333334,0.25,0.08333333333333333,0.39999999999999997,1.5999999999999999
154,"frozenset({'CAKE', 'SAND'})",frozenset({'AVAX'}),0.125,0.4166666666666667,0.08333333333333333,0.6666666666666666,1.5999999999999999
155,frozenset({'AVAX'}),"frozenset({'CAKE', 'SAND'})",0.4166666666666667,0.125,0.08333333333333333,0.19999999999999998,1.5999999999999999
156,frozenset({'CAKE'}),"frozenset({'AVAX', 'SAND'})",0.25,0.20833333333333334,0.08333333333333333,0.3333333333333333,1.5999999999999999
157,frozenset({'SAND'}),"frozenset({'AVAX', 'CAKE'})",0.375,0.08333333333333333,0.08333333333333333,0.2222222222222222,2.6666666666666665
158,"frozenset({'AVAX', 'COTI'})",frozenset({'SAND'}),0.125,0.375,0.08333333333333333,0.6666666666666666,1.7777777777777777
159,frozenset({'SAND'}),"frozenset({'AVAX', 'COTI'})",0.375,0.125,0.08333333333333333,0.2222222222222222,1.7777777777777777
160,"frozenset({'AVAX', 'COTI'})",frozenset({'WRX'}),0.125,0.625,0.125,1.0,1.6
161,"frozenset({'COTI', 'WRX'})",frozenset({'AVAX'}),0.16666666666666666,0.4166666666666667,0.125,0.75,1.7999999999999998
162,frozenset({'AVAX'}),"frozenset({'COTI', 'WRX'})",0.4166666666666667,0.16666666666666666,0.125,0.3,1.8
163,frozenset({'WRX'}),"frozenset({'AVAX', 'COTI'})",0.625,0.125,0.125,0.2,1.6
164,"frozenset({'AVAX', 'ETH'})",frozenset({'DOT'}),0.08333333333333333,0.20833333333333334,0.08333333333333333,1.0,4.8
165,"frozenset({'AVAX', 'DOT'})",frozenset({'ETH'}),0.08333333333333333,0.2916666666666667,0.08333333333333333,1.0,3.4285714285714284
166,"frozenset({'ETH', 'DOT'})",frozenset({'AVAX'}),0.125,0.4166666666666667,0.08333333333333333,0.6666666666666666,1.5999999999999999
167,frozenset({'AVAX'}),"frozenset({'ETH', 'DOT'})",0.4166666666666667,0.125,0.08333333333333333,0.19999999999999998,1.5999999999999999
168,frozenset({'ETH'}),"frozenset({'AVAX', 'DOT'})",0.2916666666666667,0.08333333333333333,0.08333333333333333,0.2857142857142857,3.4285714285714284
169,frozenset({'DOT'}),"frozenset({'AVAX', 'ETH'})",0.20833333333333334,0.08333333333333333,0.08333333333333333,0.39999999999999997,4.8
170,"frozenset({'AVAX', 'DOT'})",frozenset({'WRX'}),0.08333333333333333,0.625,0.08333333333333333,1.0,1.6
171,"frozenset({'DOT', 'WRX'})",frozenset({'AVAX'}),0.125,0.4166666666666667,0.08333333333333333,0.6666666666666666,1.5999999999999999
172,frozenset({'AVAX'}),"frozenset({'DOT', 'WRX'})",0.4166666666666667,0.125,0.08333333333333333,0.19999999999999998,1.5999999999999999
173,frozenset({'WRX'}),"frozenset({'AVAX', 'DOT'})",0.625,0.08333333333333333,0.08333333333333333,0.13333333333333333,1.6
174,"frozenset({'AVAX', 'ENJ'})",frozenset({'WRX'}),0.08333333333333333,0.625,0.08333333333333333,1.0,1.6
175,"frozenset({'ENJ', 'WRX'})",frozenset({'AVAX'}),0.08333333333333333,0.4166666666666667,0.08333333333333333,1.0,2.4
176,frozenset({'AVAX'}),"frozenset({'ENJ', 'WRX'})",0.4166666666666667,0.08333333333333333,0.08333333333333333,0.19999999999999998,2.4
177,frozenset({'WRX'}),"frozenset({'AVAX', 'ENJ'})",0.625,0.08333333333333333,0.08333333333333333,0.13333333333333333,1.6
178,"frozenset({'AVAX', 'ETH'})",frozenset({'WRX'}),0.08333333333333333,0.625,0.08333333333333333,1.0,1.6
179,frozenset({'WRX'}),"frozenset({'AVAX', 'ETH'})",0.625,0.08333333333333333,0.08333333333333333,0.13333333333333333,1.6
180,"frozenset({'AVAX', 'FLM'})",frozenset({'WRX'}),0.125,0.625,0.125,1.0,1.6
181,"frozenset({'AVAX', 'WRX'})",frozenset({'FLM'}),0.375,0.16666666666666666,0.125,0.3333333333333333,2.0
182,"frozenset({'FLM', 'WRX'})",frozenset({'AVAX'}),0.125,0.4166666666666667,0.125,1.0,2.4
183,frozenset({'AVAX'}),"frozenset({'FLM', 'WRX'})",0.4166666666666667,0.125,0.125,0.3,2.4
184,frozenset({'FLM'}),"frozenset({'AVAX', 'WRX'})",0.16666666666666666,0.375,0.125,0.75,2.0
185,frozenset({'WRX'}),"frozenset({'AVAX', 'FLM'})",0.625,0.125,0.125,0.2,1.6
186,"frozenset({'AVAX', 'META'})",frozenset({'WRX'}),0.08333333333333333,0.625,0.08333333333333333,1.0,1.6
187,"frozenset({'AVAX', 'WRX'})",frozenset({'META'}),0.375,0.125,0.08333333333333333,0.2222222222222222,1.7777777777777777
188,"frozenset({'META', 'WRX'})",frozenset({'AVAX'}),0.08333333333333333,0.4166666666666667,0.08333333333333333,1.0,2.4
189,frozenset({'AVAX'}),"frozenset({'META', 'WRX'})",0.4166666666666667,0.08333333333333333,0.08333333333333333,0.19999999999999998,2.4
190,frozenset({'META'}),"frozenset({'AVAX', 'WRX'})",0.125,0.375,0.08333333333333333,0.6666666666666666,1.7777777777777777
191,frozenset({'WRX'}),"frozenset({'AVAX', 'META'})",0.625,0.08333333333333333,0.08333333333333333,0.13333333333333333,1.6
192,"frozenset({'SAND', 'WRX'})",frozenset({'AVAX'}),0.20833333333333334,0.4166666666666667,0.16666666666666666,0.7999999999999999,1.9199999999999997
193,frozenset({'AVAX'}),"frozenset({'SAND', 'WRX'})",0.4166666666666667,0.20833333333333334,0.16666666666666666,0.39999999999999997,1.9199999999999997
194,"frozenset({'AVAX', 'SAND'})",frozenset({'XEM'}),0.20833333333333334,0.16666666666666666,0.08333333333333333,0.39999999999999997,2.4
195,"frozenset({'AVAX', 'XEM'})",frozenset({'SAND'}),0.08333333333333333,0.375,0.08333333333333333,1.0,2.6666666666666665
196,"frozenset({'XEM', 'SAND'})",frozenset({'AVAX'}),0.125,0.4166666666666667,0.08333333333333333,0.6666666666666666,1.5999999999999999
197,frozenset({'AVAX'}),"frozenset({'XEM', 'SAND'})",0.4166666666666667,0.125,0.08333333333333333,0.19999999999999998,1.5999999999999999
198,frozenset({'SAND'}),"frozenset({'AVAX', 'XEM'})",0.375,0.08333333333333333,0.08333333333333333,0.2222222222222222,2.6666666666666665
199,frozenset({'XEM'}),"frozenset({'AVAX', 'SAND'})",0.16666666666666666,0.20833333333333334,0.08333333333333333,0.5,2.4
200,"frozenset({'AVAX', 'TRX'})",frozenset({'WRX'}),0.08333333333333333,0.625,0.08333333333333333,1.0,1.6
201,"frozenset({'TRX', 'WRX'})",frozenset({'AVAX'}),0.125,0.4166666666666667,0.08333333333333333,0.6666666666666666,1.5999999999999999
202,frozenset({'AVAX'}),"frozenset({'TRX', 'WRX'})",0.4166666666666667,0.125,0.08333333333333333,0.19999999999999998,1.5999999999999999
203,frozenset({'WRX'}),"frozenset({'AVAX', 'TRX'})",0.625,0.08333333333333333,0.08333333333333333,0.13333333333333333,1.6
204,"frozenset({'AVAX', 'XEM'})",frozenset({'WRX'}),0.08333333333333333,0.625,0.08333333333333333,1.0,1.6
205,"frozenset({'XEM', 'WRX'})",frozenset({'AVAX'}),0.08333333333333333,0.4166666666666667,0.08333333333333333,1.0,2.4
206,frozenset({'AVAX'}),"frozenset({'XEM', 'WRX'})",0.4166666666666667,0.08333333333333333,0.08333333333333333,0.19999999999999998,2.4
207,frozenset({'WRX'}),"frozenset({'AVAX', 'XEM'})",0.625,0.08333333333333333,0.08333333333333333,0.13333333333333333,1.6
208,"frozenset({'AVAX', 'XRP'})",frozenset({'WRX'}),0.08333333333333333,0.625,0.08333333333333333,1.0,1.6
209,frozenset({'WRX'}),"frozenset({'AVAX', 'XRP'})",0.625,0.08333333333333333,0.08333333333333333,0.13333333333333333,1.6
210,"frozenset({'AXS', 'XRP'})",frozenset({'ENJ'}),0.16666666666666666,0.25,0.08333333333333333,0.5,2.0
211,"frozenset({'AXS', 'ENJ'})",frozenset({'XRP'}),0.08333333333333333,0.375,0.08333333333333333,1.0,2.6666666666666665
212,"frozenset({'XRP', 'ENJ'})",frozenset({'AXS'}),0.08333333333333333,0.2916666666666667,0.08333333333333333,1.0,3.4285714285714284
213,frozenset({'AXS'}),"frozenset({'XRP', 'ENJ'})",0.2916666666666667,0.08333333333333333,0.08333333333333333,0.2857142857142857,3.4285714285714284
214,frozenset({'XRP'}),"frozenset({'AXS', 'ENJ'})",0.375,0.08333333333333333,0.08333333333333333,0.2222222222222222,2.6666666666666665
215,frozenset({'ENJ'}),"frozenset({'AXS', 'XRP'})",0.25,0.16666666666666666,0.08333333333333333,0.3333333333333333,2.0
216,"frozenset({'AXS', 'WRX'})",frozenset({'ETH'}),0.16666666666666666,0.2916666666666667,0.08333333333333333,0.5,1.7142857142857142
217,"frozenset({'ETH', 'WRX'})",frozenset({'AXS'}),0.16666666666666666,0.2916666666666667,0.08333333333333333,0.5,1.7142857142857142
218,frozenset({'AXS'}),"frozenset({'ETH', 'WRX'})",0.2916666666666667,0.16666666666666666,0.08333333333333333,0.2857142857142857,1.7142857142857142
219,frozenset({'ETH'}),"frozenset({'AXS', 'WRX'})",0.2916666666666667,0.16666666666666666,0.08333333333333333,0.2857142857142857,1.7142857142857142
220,"frozenset({'AXS', 'XRP'})",frozenset({'ETH'}),0.16666666666666666,0.2916666666666667,0.08333333333333333,0.5,1.7142857142857142
221,"frozenset({'AXS', 'ETH'})",frozenset({'XRP'}),0.125,0.375,0.08333333333333333,0.6666666666666666,1.7777777777777777
222,"frozenset({'ETH', 'XRP'})",frozenset({'AXS'}),0.08333333333333333,0.2916666666666667,0.08333333333333333,1.0,3.4285714285714284
223,frozenset({'AXS'}),"frozenset({'ETH', 'XRP'})",0.2916666666666667,0.08333333333333333,0.08333333333333333,0.2857142857142857,3.4285714285714284
224,frozenset({'XRP'}),"frozenset({'AXS', 'ETH'})",0.375,0.125,0.08333333333333333,0.2222222222222222,1.7777777777777777
225,frozenset({'ETH'}),"frozenset({'AXS', 'XRP'})",0.2916666666666667,0.16666666666666666,0.08333333333333333,0.2857142857142857,1.7142857142857142
226,"frozenset({'AXS', 'XVG'})",frozenset({'WRX'}),0.08333333333333333,0.625,0.08333333333333333,1.0,1.6
227,"frozenset({'AXS', 'WRX'})",frozenset({'XVG'}),0.16666666666666666,0.125,0.08333333333333333,0.5,4.0
228,"frozenset({'XVG', 'WRX'})",frozenset({'AXS'}),0.08333333333333333,0.2916666666666667,0.08333333333333333,1.0,3.4285714285714284
229,frozenset({'AXS'}),"frozenset({'XVG', 'WRX'})",0.2916666666666667,0.08333333333333333,0.08333333333333333,0.2857142857142857,3.4285714285714284
230,frozenset({'XVG'}),"frozenset({'AXS', 'WRX'})",0.125,0.16666666666666666,0.08333333333333333,0.6666666666666666,4.0
231,frozenset({'WRX'}),"frozenset({'AXS', 'XVG'})",0.625,0.08333333333333333,0.08333333333333333,0.13333333333333333,1.6
232,"frozenset({'BAKE', 'XRP'})",frozenset({'WRX'}),0.08333333333333333,0.625,0.08333333333333333,1.0,1.6
233,"frozenset({'BAKE', 'WRX'})",frozenset({'XRP'}),0.125,0.375,0.08333333333333333,0.6666666666666666,1.7777777777777777
234,"frozenset({'XRP', 'WRX'})",frozenset({'BAKE'}),0.25,0.125,0.08333333333333333,0.3333333333333333,2.6666666666666665
235,frozenset({'BAKE'}),"frozenset({'XRP', 'WRX'})",0.125,0.25,0.08333333333333333,0.6666666666666666,2.6666666666666665
236,frozenset({'XRP'}),"frozenset({'BAKE', 'WRX'})",0.375,0.125,0.08333333333333333,0.2222222222222222,1.7777777777777777
237,frozenset({'WRX'}),"frozenset({'BAKE', 'XRP'})",0.625,0.08333333333333333,0.08333333333333333,0.13333333333333333,1.6
238,"frozenset({'BNB', 'CAKE'})",frozenset({'SAND'}),0.08333333333333333,0.375,0.08333333333333333,1.0,2.6666666666666665
239,"frozenset({'BNB', 'SAND'})",frozenset({'CAKE'}),0.08333333333333333,0.25,0.08333333333333333,1.0,4.0
240,"frozenset({'CAKE', 'SAND'})",frozenset({'BNB'}),0.125,0.16666666666666666,0.08333333333333333,0.6666666666666666,4.0
241,frozenset({'BNB'}),"frozenset({'CAKE', 'SAND'})",0.16666666666666666,0.125,0.08333333333333333,0.5,4.0
242,frozenset({'CAKE'}),"frozenset({'BNB', 'SAND'})",0.25,0.08333333333333333,0.08333333333333333,0.3333333333333333,4.0
243,frozenset({'SAND'}),"frozenset({'BNB', 'CAKE'})",0.375,0.08333333333333333,0.08333333333333333,0.2222222222222222,2.6666666666666665
244,"frozenset({'BNB', 'CAKE'})",frozenset({'XEM'}),0.08333333333333333,0.16666666666666666,0.08333333333333333,1.0,6.0
245,"frozenset({'BNB', 'XEM'})",frozenset({'CAKE'}),0.08333333333333333,0.25,0.08333333333333333,1.0,4.0
246,"frozenset({'CAKE', 'XEM'})",frozenset({'BNB'}),0.08333333333333333,0.16666666666666666,0.08333333333333333,1.0,6.0
247,frozenset({'BNB'}),"frozenset({'CAKE', 'XEM'})",0.16666666666666666,0.08333333333333333,0.08333333333333333,0.5,6.0
248,frozenset({'CAKE'}),"frozenset({'BNB', 'XEM'})",0.25,0.08333333333333333,0.08333333333333333,0.3333333333333333,4.0
249,frozenset({'XEM'}),"frozenset({'BNB', 'CAKE'})",0.16666666666666666,0.08333333333333333,0.08333333333333333,0.5,6.0
250,"frozenset({'BNB', 'FLM'})",frozenset({'WRX'}),0.08333333333333333,0.625,0.08333333333333333,1.0,1.6
251,"frozenset({'BNB', 'WRX'})",frozenset({'FLM'}),0.125,0.16666666666666666,0.08333333333333333,0.6666666666666666,4.0
252,"frozenset({'FLM', 'WRX'})",frozenset({'BNB'}),0.125,0.16666666666666666,0.08333333333333333,0.6666666666666666,4.0
253,frozenset({'BNB'}),"frozenset({'FLM', 'WRX'})",0.16666666666666666,0.125,0.08333333333333333,0.5,4.0
254,frozenset({'FLM'}),"frozenset({'BNB', 'WRX'})",0.16666666666666666,0.125,0.08333333333333333,0.5,4.0
255,frozenset({'WRX'}),"frozenset({'BNB', 'FLM'})",0.625,0.08333333333333333,0.08333333333333333,0.13333333333333333,1.6
256,"frozenset({'BNB', 'XEM'})",frozenset({'SAND'}),0.08333333333333333,0.375,0.08333333333333333,1.0,2.6666666666666665
257,"frozenset({'SAND', 'XEM'})",frozenset({'BNB'}),0.125,0.16666666666666666,0.08333333333333333,0.6666666666666666,4.0
258,"frozenset({'BNB', 'SAND'})",frozenset({'XEM'}),0.08333333333333333,0.16666666666666666,0.08333333333333333,1.0,6.0
259,frozenset({'XEM'}),"frozenset({'BNB', 'SAND'})",0.16666666666666666,0.08333333333333333,0.08333333333333333,0.5,6.0
260,frozenset({'BNB'}),"frozenset({'SAND', 'XEM'})",0.16666666666666666,0.125,0.08333333333333333,0.5,4.0
261,frozenset({'SAND'}),"frozenset({'BNB', 'XEM'})",0.375,0.08333333333333333,0.08333333333333333,0.2222222222222222,2.6666666666666665
262,"frozenset({'BTC', 'COTI'})",frozenset({'SAND'}),0.125,0.375,0.08333333333333333,0.6666666666666666,1.7777777777777777
263,"frozenset({'BTC', 'SAND'})",frozenset({'COTI'}),0.125,0.3333333333333333,0.08333333333333333,0.6666666666666666,2.0
264,"frozenset({'COTI', 'SAND'})",frozenset({'BTC'}),0.16666666666666666,0.2916666666666667,0.08333333333333333,0.5,1.7142857142857142
265,frozenset({'BTC'}),"frozenset({'COTI', 'SAND'})",0.2916666666666667,0.16666666666666666,0.08333333333333333,0.2857142857142857,1.7142857142857142
266,frozenset({'COTI'}),"frozenset({'BTC', 'SAND'})",0.3333333333333333,0.125,0.08333333333333333,0.25,2.0
267,frozenset({'SAND'}),"frozenset({'BTC', 'COTI'})",0.375,0.125,0.08333333333333333,0.2222222222222222,1.7777777777777777
268,"frozenset({'BTC', 'WRX'})",frozenset({'DOGE'}),0.08333333333333333,0.16666666666666666,0.08333333333333333,1.0,6.0
269,"frozenset({'DOGE', 'WRX'})",frozenset({'BTC'}),0.125,0.2916666666666667,0.08333333333333333,0.6666666666666666,2.2857142857142856
270,frozenset({'BTC'}),"frozenset({'DOGE', 'WRX'})",0.2916666666666667,0.125,0.08333333333333333,0.2857142857142857,2.2857142857142856
271,frozenset({'DOGE'}),"frozenset({'BTC', 'WRX'})",0.16666666666666666,0.08333333333333333,0.08333333333333333,0.5,6.0
272,"frozenset({'BTC', 'DOGE'})",frozenset({'XRP'}),0.125,0.375,0.08333333333333333,0.6666666666666666,1.7777777777777777
273,"frozenset({'BTC', 'XRP'})",frozenset({'DOGE'}),0.16666666666666666,0.16666666666666666,0.08333333333333333,0.5,3.0
274,"frozenset({'DOGE', 'XRP'})",frozenset({'BTC'}),0.08333333333333333,0.2916666666666667,0.08333333333333333,1.0,3.4285714285714284
275,frozenset({'BTC'}),"frozenset({'DOGE', 'XRP'})",0.2916666666666667,0.08333333333333333,0.08333333333333333,0.2857142857142857,3.4285714285714284
276,frozenset({'DOGE'}),"frozenset({'BTC', 'XRP'})",0.16666666666666666,0.16666666666666666,0.08333333333333333,0.5,3.0
277,frozenset({'XRP'}),"frozenset({'BTC', 'DOGE'})",0.375,0.125,0.08333333333333333,0.2222222222222222,1.7777777777777777
278,"frozenset({'BTC', 'WRX'})",frozenset({'XRP'}),0.08333333333333333,0.375,0.08333333333333333,1.0,2.6666666666666665
279,frozenset({'XRP'}),"frozenset({'BTC', 'WRX'})",0.375,0.08333333333333333,0.08333333333333333,0.2222222222222222,2.6666666666666665
280,"frozenset({'LTC', 'COTI'})",frozenset({'CAKE'}),0.125,0.25,0.08333333333333333,0.6666666666666666,2.6666666666666665
281,"frozenset({'LTC', 'CAKE'})",frozenset({'COTI'}),0.08333333333333333,0.3333333333333333,0.08333333333333333,1.0,3.0
282,"frozenset({'COTI', 'CAKE'})",frozenset({'LTC'}),0.08333333333333333,0.16666666666666666,0.08333333333333333,1.0,6.0
283,frozenset({'LTC'}),"frozenset({'COTI', 'CAKE'})",0.16666666666666666,0.08333333333333333,0.08333333333333333,0.5,6.0
284,frozenset({'COTI'}),"frozenset({'LTC', 'CAKE'})",0.3333333333333333,0.08333333333333333,0.08333333333333333,0.25,3.0
285,frozenset({'CAKE'}),"frozenset({'LTC', 'COTI'})",0.25,0.125,0.08333333333333333,0.3333333333333333,2.6666666666666665
286,"frozenset({'CAKE', 'SHIB'})",frozenset({'ENJ'}),0.125,0.25,0.08333333333333333,0.6666666666666666,2.6666666666666665
287,"frozenset({'CAKE', 'ENJ'})",frozenset({'SHIB'}),0.08333333333333333,0.20833333333333334,0.08333333333333333,1.0,4.8
288,"frozenset({'SHIB', 'ENJ'})",frozenset({'CAKE'}),0.08333333333333333,0.25,0.08333333333333333,1.0,4.0
289,frozenset({'CAKE'}),"frozenset({'SHIB', 'ENJ'})",0.25,0.08333333333333333,0.08333333333333333,0.3333333333333333,4.0
290,frozenset({'SHIB'}),"frozenset({'CAKE', 'ENJ'})",0.20833333333333334,0.08333333333333333,0.08333333333333333,0.39999999999999997,4.8
291,frozenset({'ENJ'}),"frozenset({'CAKE', 'SHIB'})",0.25,0.125,0.08333333333333333,0.3333333333333333,2.6666666666666665
292,"frozenset({'CAKE', 'XEM'})",frozenset({'SAND'}),0.08333333333333333,0.375,0.08333333333333333,1.0,2.6666666666666665
293,"frozenset({'SAND', 'XEM'})",frozenset({'CAKE'}),0.125,0.25,0.08333333333333333,0.6666666666666666,2.6666666666666665
294,"frozenset({'CAKE', 'SAND'})",frozenset({'XEM'}),0.125,0.16666666666666666,0.08333333333333333,0.6666666666666666,4.0
295,frozenset({'XEM'}),"frozenset({'CAKE', 'SAND'})",0.16666666666666666,0.125,0.08333333333333333,0.5,4.0
296,frozenset({'CAKE'}),"frozenset({'SAND', 'XEM'})",0.25,0.125,0.08333333333333333,0.3333333333333333,2.6666666666666665
297,frozenset({'SAND'}),"frozenset({'CAKE', 'XEM'})",0.375,0.08333333333333333,0.08333333333333333,0.2222222222222222,2.6666666666666665
298,"frozenset({'HIGH', 'WRX'})",frozenset({'COTI'}),0.08333333333333333,0.3333333333333333,0.08333333333333333,1.0,3.0
299,"frozenset({'COTI', 'WRX'})",frozenset({'HIGH'}),0.16666666666666666,0.125,0.08333333333333333,0.5,4.0
300,frozenset({'HIGH'}),"frozenset({'COTI', 'WRX'})",0.125,0.16666666666666666,0.08333333333333333,0.6666666666666666,4.0
301,frozenset({'COTI'}),"frozenset({'HIGH', 'WRX'})",0.3333333333333333,0.08333333333333333,0.08333333333333333,0.25,3.0
302,"frozenset({'XRP', 'COTI'})",frozenset({'SAND'}),0.08333333333333333,0.375,0.08333333333333333,1.0,2.6666666666666665
303,"frozenset({'XRP', 'SAND'})",frozenset({'COTI'}),0.08333333333333333,0.3333333333333333,0.08333333333333333,1.0,3.0
304,frozenset({'COTI'}),"frozenset({'XRP', 'SAND'})",0.3333333333333333,0.08333333333333333,0.08333333333333333,0.25,3.0
305,frozenset({'SAND'}),"frozenset({'XRP', 'COTI'})",0.375,0.08333333333333333,0.08333333333333333,0.2222222222222222,2.6666666666666665
306,"frozenset({'VET', 'DOGE'})",frozenset({'SAND'}),0.08333333333333333,0.375,0.08333333333333333,1.0,2.6666666666666665
307,"frozenset({'VET', 'SAND'})",frozenset({'DOGE'}),0.08333333333333333,0.16666666666666666,0.08333333333333333,1.0,6.0
308,"frozenset({'DOGE', 'SAND'})",frozenset({'VET'}),0.08333333333333333,0.08333333333333333,0.08333333333333333,1.0,12.0
309,frozenset({'VET'}),"frozenset({'DOGE', 'SAND'})",0.08333333333333333,0.08333333333333333,0.08333333333333333,1.0,12.0
310,frozenset({'DOGE'}),"frozenset({'VET', 'SAND'})",0.16666666666666666,0.08333333333333333,0.08333333333333333,0.5,6.0
311,frozenset({'SAND'}),"frozenset({'VET', 'DOGE'})",0.375,0.08333333333333333,0.08333333333333333,0.2222222222222222,2.6666666666666665
312,"frozenset({'DOGE', 'XRP'})",frozenset({'WRX'}),0.08333333333333333,0.625,0.08333333333333333,1.0,1.6
313,"frozenset({'DOGE', 'WRX'})",frozenset({'XRP'}),0.125,0.375,0.08333333333333333,0.6666666666666666,1.7777777777777777
314,"frozenset({'XRP', 'WRX'})",frozenset({'DOGE'}),0.25,0.16666666666666666,0.08333333333333333,0.3333333333333333,2.0
315,frozenset({'DOGE'}),"frozenset({'XRP', 'WRX'})",0.16666666666666666,0.25,0.08333333333333333,0.5,2.0
316,frozenset({'XRP'}),"frozenset({'DOGE', 'WRX'})",0.375,0.125,0.08333333333333333,0.2222222222222222,1.7777777777777777
317,frozenset({'WRX'}),"frozenset({'DOGE', 'XRP'})",0.625,0.08333333333333333,0.08333333333333333,0.13333333333333333,1.6
318,"frozenset({'ETH', 'DOT'})",frozenset({'ENJ'}),0.125,0.25,0.08333333333333333,0.6666666666666666,2.6666666666666665
319,"frozenset({'ETH', 'ENJ'})",frozenset({'DOT'}),0.125,0.20833333333333334,0.08333333333333333,0.6666666666666666,3.1999999999999997
320,"frozenset({'DOT', 'ENJ'})",frozenset({'ETH'}),0.08333333333333333,0.2916666666666667,0.08333333333333333,1.0,3.4285714285714284
321,frozenset({'ETH'}),"frozenset({'DOT', 'ENJ'})",0.2916666666666667,0.08333333333333333,0.08333333333333333,0.2857142857142857,3.4285714285714284
322,frozenset({'DOT'}),"frozenset({'ETH', 'ENJ'})",0.20833333333333334,0.125,0.08333333333333333,0.39999999999999997,3.1999999999999997
323,frozenset({'ENJ'}),"frozenset({'ETH', 'DOT'})",0.25,0.125,0.08333333333333333,0.3333333333333333,2.6666666666666665
324,"frozenset({'ETH', 'WRX'})",frozenset({'DOT'}),0.16666666666666666,0.20833333333333334,0.08333333333333333,0.5,2.4
325,"frozenset({'DOT', 'WRX'})",frozenset({'ETH'}),0.125,0.2916666666666667,0.08333333333333333,0.6666666666666666,2.2857142857142856
326,frozenset({'ETH'}),"frozenset({'DOT', 'WRX'})",0.2916666666666667,0.125,0.08333333333333333,0.2857142857142857,2.2857142857142856
327,frozenset({'DOT'}),"frozenset({'ETH', 'WRX'})",0.20833333333333334,0.16666666666666666,0.08333333333333333,0.39999999999999997,2.4
328,"frozenset({'TRX', 'DOT'})",frozenset({'WRX'}),0.08333333333333333,0.625,0.08333333333333333,1.0,1.6
329,"frozenset({'TRX', 'WRX'})",frozenset({'DOT'}),0.125,0.20833333333333334,0.08333333333333333,0.6666666666666666,3.1999999999999997
330,"frozenset({'DOT', 'WRX'})",frozenset({'TRX'}),0.125,0.20833333333333334,0.08333333333333333,0.6666666666666666,3.1999999999999997
331,frozenset({'TRX'}),"frozenset({'DOT', 'WRX'})",0.20833333333333334,0.125,0.08333333333333333,0.39999999999999997,3.1999999999999997
332,frozenset({'DOT'}),"frozenset({'TRX', 'WRX'})",0.20833333333333334,0.125,0.08333333333333333,0.39999999999999997,3.1999999999999997
333,frozenset({'WRX'}),"frozenset({'TRX', 'DOT'})",0.625,0.08333333333333333,0.08333333333333333,0.13333333333333333,1.6
334,"frozenset({'LTC', 'XRP'})",frozenset({'WRX'}),0.08333333333333333,0.625,0.08333333333333333,1.0,1.6
335,"frozenset({'LTC', 'WRX'})",frozenset({'XRP'}),0.08333333333333333,0.375,0.08333333333333333,1.0,2.6666666666666665
336,"frozenset({'XRP', 'WRX'})",frozenset({'LTC'}),0.25,0.16666666666666666,0.08333333333333333,0.3333333333333333,2.0
337,frozenset({'LTC'}),"frozenset({'XRP', 'WRX'})",0.16666666666666666,0.25,0.08333333333333333,0.5,2.0
338,frozenset({'XRP'}),"frozenset({'LTC', 'WRX'})",0.375,0.08333333333333333,0.08333333333333333,0.2222222222222222,2.6666666666666665
339,frozenset({'WRX'}),"frozenset({'LTC', 'XRP'})",0.625,0.08333333333333333,0.08333333333333333,0.13333333333333333,1.6
340,"frozenset({'XEM', 'WRX'})",frozenset({'SAND'}),0.08333333333333333,0.375,0.08333333333333333,1.0,2.6666666666666665
341,"frozenset({'SAND', 'WRX'})",frozenset({'XEM'}),0.20833333333333334,0.16666666666666666,0.08333333333333333,0.39999999999999997,2.4
342,frozenset({'XEM'}),"frozenset({'SAND', 'WRX'})",0.16666666666666666,0.20833333333333334,0.08333333333333333,0.5,2.4
343,frozenset({'SAND'}),"frozenset({'XEM', 'WRX'})",0.375,0.08333333333333333,0.08333333333333333,0.2222222222222222,2.6666666666666665
344,"frozenset({'SOL', 'XRP'})",frozenset({'WRX'}),0.08333333333333333,0.625,0.08333333333333333,1.0,1.6
345,"frozenset({'SOL', 'WRX'})",frozenset({'XRP'}),0.125,0.375,0.08333333333333333,0.6666666666666666,1.7777777777777777
346,"frozenset({'XRP', 'WRX'})",frozenset({'SOL'}),0.25,0.16666666666666666,0.08333333333333333,0.3333333333333333,2.0
347,frozenset({'SOL'}),"frozenset({'XRP', 'WRX'})",0.16666666666666666,0.25,0.08333333333333333,0.5,2.0
348,frozenset({'XRP'}),"frozenset({'SOL', 'WRX'})",0.375,0.125,0.08333333333333333,0.2222222222222222,1.7777777777777777
349,frozenset({'WRX'}),"frozenset({'SOL', 'XRP'})",0.625,0.08333333333333333,0.08333333333333333,0.13333333333333333,1.6
350,"frozenset({'AVAX', 'BNB', 'FLM'})",frozenset({'WRX'}),0.08333333333333333,0.625,0.08333333333333333,1.0,1.6
351,"frozenset({'AVAX', 'BNB', 'WRX'})",frozenset({'FLM'}),0.125,0.16666666666666666,0.08333333333333333,0.6666666666666666,4.0
352,"frozenset({'AVAX', 'FLM', 'WRX'})",frozenset({'BNB'}),0.125,0.16666666666666666,0.08333333333333333,0.6666666666666666,4.0
353,"frozenset({'BNB', 'FLM', 'WRX'})",frozenset({'AVAX'}),0.08333333333333333,0.4166666666666667,0.08333333333333333,1.0,2.4
354,"frozenset({'AVAX', 'BNB'})","frozenset({'FLM', 'WRX'})",0.125,0.125,0.08333333333333333,0.6666666666666666,5.333333333333333
355,"frozenset({'AVAX', 'FLM'})","frozenset({'BNB', 'WRX'})",0.125,0.125,0.08333333333333333,0.6666666666666666,5.333333333333333
356,"frozenset({'AVAX', 'WRX'})","frozenset({'BNB', 'FLM'})",0.375,0.08333333333333333,0.08333333333333333,0.2222222222222222,2.6666666666666665
357,"frozenset({'BNB', 'FLM'})","frozenset({'AVAX', 'WRX'})",0.08333333333333333,0.375,0.08333333333333333,1.0,2.6666666666666665
358,"frozenset({'BNB', 'WRX'})","frozenset({'AVAX', 'FLM'})",0.125,0.125,0.08333333333333333,0.6666666666666666,5.333333333333333
359,"frozenset({'FLM', 'WRX'})","frozenset({'AVAX', 'BNB'})",0.125,0.125,0.08333333333333333,0.6666666666666666,5.333333333333333
360,frozenset({'AVAX'}),"frozenset({'BNB', 'FLM', 'WRX'})",0.4166666666666667,0.08333333333333333,0.08333333333333333,0.19999999999999998,2.4
361,frozenset({'BNB'}),"frozenset({'AVAX', 'FLM', 'WRX'})",0.16666666666666666,0.125,0.08333333333333333,0.5,4.0
362,frozenset({'FLM'}),"frozenset({'AVAX', 'BNB', 'WRX'})",0.16666666666666666,0.125,0.08333333333333333,0.5,4.0
363,frozenset({'WRX'}),"frozenset({'AVAX', 'BNB', 'FLM'})",0.625,0.08333333333333333,0.08333333333333333,0.13333333333333333,1.6
364,"frozenset({'AVAX', 'COTI', 'SAND'})",frozenset({'WRX'}),0.08333333333333333,0.625,0.08333333333333333,1.0,1.6
365,"frozenset({'AVAX', 'COTI', 'WRX'})",frozenset({'SAND'}),0.125,0.375,0.08333333333333333,0.6666666666666666,1.7777777777777777
366,"frozenset({'AVAX', 'SAND', 'WRX'})",frozenset({'COTI'}),0.16666666666666666,0.3333333333333333,0.08333333333333333,0.5,1.5
367,"frozenset({'COTI', 'SAND', 'WRX'})",frozenset({'AVAX'}),0.08333333333333333,0.4166666666666667,0.08333333333333333,1.0,2.4
368,"frozenset({'AVAX', 'COTI'})","frozenset({'SAND', 'WRX'})",0.125,0.20833333333333334,0.08333333333333333,0.6666666666666666,3.1999999999999997
369,"frozenset({'AVAX', 'SAND'})","frozenset({'COTI', 'WRX'})",0.20833333333333334,0.16666666666666666,0.08333333333333333,0.39999999999999997,2.4
370,"frozenset({'COTI', 'WRX'})","frozenset({'AVAX', 'SAND'})",0.16666666666666666,0.20833333333333334,0.08333333333333333,0.5,2.4
371,"frozenset({'SAND', 'WRX'})","frozenset({'AVAX', 'COTI'})",0.20833333333333334,0.125,0.08333333333333333,0.39999999999999997,3.1999999999999997
372,frozenset({'AVAX'}),"frozenset({'COTI', 'SAND', 'WRX'})",0.4166666666666667,0.08333333333333333,0.08333333333333333,0.19999999999999998,2.4
373,frozenset({'COTI'}),"frozenset({'AVAX', 'SAND', 'WRX'})",0.3333333333333333,0.16666666666666666,0.08333333333333333,0.25,1.5
374,frozenset({'SAND'}),"frozenset({'AVAX', 'COTI', 'WRX'})",0.375,0.125,0.08333333333333333,0.2222222222222222,1.7777777777777777
375,frozenset({'WRX'}),"frozenset({'AVAX', 'COTI', 'SAND'})",0.625,0.08333333333333333,0.08333333333333333,0.13333333333333333,1.6
376,"frozenset({'AVAX', 'ETH', 'DOT'})",frozenset({'WRX'}),0.08333333333333333,0.625,0.08333333333333333,1.0,1.6
377,"frozenset({'AVAX', 'ETH', 'WRX'})",frozenset({'DOT'}),0.08333333333333333,0.20833333333333334,0.08333333333333333,1.0,4.8
378,"frozenset({'AVAX', 'DOT', 'WRX'})",frozenset({'ETH'}),0.08333333333333333,0.2916666666666667,0.08333333333333333,1.0,3.4285714285714284
379,"frozenset({'ETH', 'DOT', 'WRX'})",frozenset({'AVAX'}),0.08333333333333333,0.4166666666666667,0.08333333333333333,1.0,2.4
380,"frozenset({'AVAX', 'ETH'})","frozenset({'DOT', 'WRX'})",0.08333333333333333,0.125,0.08333333333333333,1.0,8.0
381,"frozenset({'AVAX', 'DOT'})","frozenset({'ETH', 'WRX'})",0.08333333333333333,0.16666666666666666,0.08333333333333333,1.0,6.0
382,"frozenset({'AVAX', 'WRX'})","frozenset({'ETH', 'DOT'})",0.375,0.125,0.08333333333333333,0.2222222222222222,1.7777777777777777
383,"frozenset({'ETH', 'DOT'})","frozenset({'AVAX', 'WRX'})",0.125,0.375,0.08333333333333333,0.6666666666666666,1.7777777777777777
384,"frozenset({'ETH', 'WRX'})","frozenset({'AVAX', 'DOT'})",0.16666666666666666,0.08333333333333333,0.08333333333333333,0.5,6.0
385,"frozenset({'DOT', 'WRX'})","frozenset({'AVAX', 'ETH'})",0.125,0.08333333333333333,0.08333333333333333,0.6666666666666666,8.0
386,frozenset({'AVAX'}),"frozenset({'ETH', 'DOT', 'WRX'})",0.4166666666666667,0.08333333333333333,0.08333333333333333,0.19999999999999998,2.4
387,frozenset({'ETH'}),"frozenset({'AVAX', 'DOT', 'WRX'})",0.2916666666666667,0.08333333333333333,0.08333333333333333,0.2857142857142857,3.4285714285714284
388,frozenset({'DOT'}),"frozenset({'AVAX', 'ETH', 'WRX'})",0.20833333333333334,0.08333333333333333,0.08333333333333333,0.39999999999999997,4.8
389,frozenset({'WRX'}),"frozenset({'AVAX', 'ETH', 'DOT'})",0.625,0.08333333333333333,0.08333333333333333,0.13333333333333333,1.6
390,"frozenset({'XEM', 'AVAX', 'SAND'})",frozenset({'WRX'}),0.08333333333333333,0.625,0.08333333333333333,1.0,1.6
391,"frozenset({'AVAX', 'SAND', 'WRX'})",frozenset({'XEM'}),0.16666666666666666,0.16666666666666666,0.08333333333333333,0.5,3.0
392,"frozenset({'AVAX', 'XEM', 'WRX'})",frozenset({'SAND'}),0.08333333333333333,0.375,0.08333333333333333,1.0,2.6666666666666665
393,"frozenset({'XEM', 'SAND', 'WRX'})",frozenset({'AVAX'}),0.08333333333333333,0.4166666666666667,0.08333333333333333,1.0,2.4
394,"frozenset({'AVAX', 'SAND'})","frozenset({'XEM', 'WRX'})",0.20833333333333334,0.08333333333333333,0.08333333333333333,0.39999999999999997,4.8
395,"frozenset({'AVAX', 'XEM'})","frozenset({'SAND', 'WRX'})",0.08333333333333333,0.20833333333333334,0.08333333333333333,1.0,4.8
396,"frozenset({'AVAX', 'WRX'})","frozenset({'XEM', 'SAND'})",0.375,0.125,0.08333333333333333,0.2222222222222222,1.7777777777777777
397,"frozenset({'XEM', 'SAND'})","frozenset({'AVAX', 'WRX'})",0.125,0.375,0.08333333333333333,0.6666666666666666,1.7777777777777777
398,"frozenset({'SAND', 'WRX'})","frozenset({'AVAX', 'XEM'})",0.20833333333333334,0.08333333333333333,0.08333333333333333,0.39999999999999997,4.8
399,"frozenset({'XEM', 'WRX'})","frozenset({'AVAX', 'SAND'})",0.08333333333333333,0.20833333333333334,0.08333333333333333,1.0,4.8
400,frozenset({'AVAX'}),"frozenset({'XEM', 'SAND', 'WRX'})",0.4166666666666667,0.08333333333333333,0.08333333333333333,0.19999999999999998,2.4
401,frozenset({'SAND'}),"frozenset({'AVAX', 'XEM', 'WRX'})",0.375,0.08333333333333333,0.08333333333333333,0.2222222222222222,2.6666666666666665
402,frozenset({'XEM'}),"frozenset({'AVAX', 'SAND', 'WRX'})",0.16666666666666666,0.16666666666666666,0.08333333333333333,0.5,3.0
403,frozenset({'WRX'}),"frozenset({'XEM', 'AVAX', 'SAND'})",0.625,0.08333333333333333,0.08333333333333333,0.13333333333333333,1.6
404,"frozenset({'BNB', 'CAKE', 'XEM'})",frozenset({'SAND'}),0.08333333333333333,0.375,0.08333333333333333,1.0,2.6666666666666665
405,"frozenset({'BNB', 'SAND', 'XEM'})",frozenset({'CAKE'}),0.08333333333333333,0.25,0.08333333333333333,1.0,4.0
406,"frozenset({'SAND', 'CAKE', 'XEM'})",frozenset({'BNB'}),0.08333333333333333,0.16666666666666666,0.08333333333333333,1.0,6.0
407,"frozenset({'BNB', 'CAKE', 'SAND'})",frozenset({'XEM'}),0.08333333333333333,0.16666666666666666,0.08333333333333333,1.0,6.0
408,"frozenset({'BNB', 'XEM'})","frozenset({'CAKE', 'SAND'})",0.08333333333333333,0.125,0.08333333333333333,1.0,8.0
409,"frozenset({'CAKE', 'XEM'})","frozenset({'BNB', 'SAND'})",0.08333333333333333,0.08333333333333333,0.08333333333333333,1.0,12.0
410,"frozenset({'SAND', 'XEM'})","frozenset({'BNB', 'CAKE'})",0.125,0.08333333333333333,0.08333333333333333,0.6666666666666666,8.0
411,"frozenset({'BNB', 'CAKE'})","frozenset({'SAND', 'XEM'})",0.08333333333333333,0.125,0.08333333333333333,1.0,8.0
412,"frozenset({'BNB', 'SAND'})","frozenset({'CAKE', 'XEM'})",0.08333333333333333,0.08333333333333333,0.08333333333333333,1.0,12.0
413,"frozenset({'CAKE', 'SAND'})","frozenset({'BNB', 'XEM'})",0.125,0.08333333333333333,0.08333333333333333,0.6666666666666666,8.0
414,frozenset({'XEM'}),"frozenset({'BNB', 'CAKE', 'SAND'})",0.16666666666666666,0.08333333333333333,0.08333333333333333,0.5,6.0
415,frozenset({'BNB'}),"frozenset({'SAND', 'CAKE', 'XEM'})",0.16666666666666666,0.08333333333333333,0.08333333333333333,0.5,6.0
416,frozenset({'CAKE'}),"frozenset({'BNB', 'SAND', 'XEM'})",0.25,0.08333333333333333,0.08333333333333333,0.3333333333333333,4.0
417,frozenset({'SAND'}),"frozenset({'BNB', 'CAKE', 'XEM'})",0.375,0.08333333333333333,0.08333333333333333,0.2222222222222222,2.6666666666666665
418,"frozenset({'BTC', 'DOGE', 'XRP'})",frozenset({'WRX'}),0.08333333333333333,0.625,0.08333333333333333,1.0,1.6
419,"frozenset({'BTC', 'DOGE', 'WRX'})",frozenset({'XRP'}),0.08333333333333333,0.375,0.08333333333333333,1.0,2.6666666666666665
420,"frozenset({'BTC', 'XRP', 'WRX'})",frozenset({'DOGE'}),0.08333333333333333,0.16666666666666666,0.08333333333333333,1.0,6.0
421,"frozenset({'DOGE', 'XRP', 'WRX'})",frozenset({'BTC'}),0.08333333333333333,0.2916666666666667,0.08333333333333333,1.0,3.4285714285714284
422,"frozenset({'BTC', 'DOGE'})","frozenset({'XRP', 'WRX'})",0.125,0.25,0.08333333333333333,0.6666666666666666,2.6666666666666665
423,"frozenset({'BTC', 'XRP'})","frozenset({'DOGE', 'WRX'})",0.16666666666666666,0.125,0.08333333333333333,0.5,4.0
424,"frozenset({'BTC', 'WRX'})","frozenset({'DOGE', 'XRP'})",0.08333333333333333,0.08333333333333333,0.08333333333333333,1.0,12.0
425,"frozenset({'DOGE', 'XRP'})","frozenset({'BTC', 'WRX'})",0.08333333333333333,0.08333333333333333,0.08333333333333333,1.0,12.0
426,"frozenset({'DOGE', 'WRX'})","frozenset({'BTC', 'XRP'})",0.125,0.16666666666666666,0.08333333333333333,0.6666666666666666,4.0
427,"frozenset({'XRP', 'WRX'})","frozenset({'BTC', 'DOGE'})",0.25,0.125,0.08333333333333333,0.3333333333333333,2.6666666666666665
428,frozenset({'BTC'}),"frozenset({'DOGE', 'XRP', 'WRX'})",0.2916666666666667,0.08333333333333333,0.08333333333333333,0.2857142857142857,3.4285714285714284
429,frozenset({'DOGE'}),"frozenset({'BTC', 'XRP', 'WRX'})",0.16666666666666666,0.08333333333333333,0.08333333333333333,0.5,6.0
430,frozenset({'XRP'}),"frozenset({'BTC', 'DOGE', 'WRX'})",0.375,0.08333333333333333,0.08333333333333333,0.2222222222222222,2.6666666666666665
431,frozenset({'WRX'}),"frozenset({'BTC', 'DOGE', 'XRP'})",0.625,0.08333333333333333,0.08333333333333333,0.13333333333333333,1.6
